name,lang,id,n,size(B),cpu(s),mem(KB),status,load,elapsed(s)
binarytrees,swift,1,21,714,139.691,737460,0,72% 63% 70% 95%,46.695
binarytrees,mri,1,21,376,1888.230,1558452,0,1% 31% 56% 13%,1889.865
binarytrees,jruby,4,21,364,172.767,1772816,0,40% 40% 61% 44%,93.773
binarytrees,mri,4,21,364,1791.693,1558800,0,0% 3% 8% 91%,1793.242
binarytrees,typescript,2,21,448,80.414,658776,0,61% 39% 38% 44%,44.512
binarytrees,yarv,5,21,1083,137.379,511724,0,66% 90% 70% 63%,47.661
binarytrees,php,1,21,451,228.331,734884,0,29% 0% 0% 72%,228.499
binarytrees,sbcl,2,21,649,0.000,0,-10,0% 0% 50% 0%,0.011
binarytrees,hipe,2,21,478,23.315,399604,0,71% 77% 85% 73%,7.632
binarytrees,mri,2,21,378,1889.829,1558476,0,15% 52% 12% 22%,1891.468
binarytrees,gpp,3,21,945,11.894,231608,0,56% 76% 94% 38%,4.543
binarytrees,go,4,21,654,109.578,434632,0,94% 95% 95% 97%,28.798
binarytrees,python3,2,21,338,307.845,275916,0,0% 14% 87% 0%,307.985
binarytrees,vw,3,21,938,83.716,375020,0,59% 78% 64% 71%,31.150
binarytrees,yarv,2,21,378,179.321,561492,0,13% 88% 0% 0%,179.438
binarytrees,gnat,4,21,2107,26.607,202576,0,84% 74% 90% 73%,8.415
binarytrees,hack,3,21,425,29.987,351104,0,27% 74% 1% 1%,30.021
binarytrees,typescript,1,21,451,80.404,658672,0,46% 35% 43% 57%,44.569
binarytrees,jruby,3,21,400,107.619,1868412,0,17% 43% 26% 33%,91.370
binarytrees,fsharpcore,2,21,482,42.893,1104908,0,27% 29% 18% 40%,38.249
binarytrees,fsharpcore,4,21,488,36.181,982168,0,22% 26% 30% 37%,31.648
binarytrees,ghc,2,21,491,55.833,453912,0,96% 35% 35% 38%,27.526
binarytrees,csharpcore,3,21,676,49.146,1905176,0,89% 79% 80% 78%,15.233
binarytrees,go,3,21,640,137.766,874404,0,99% 96% 97% 95%,35.706
binarytrees,mri,5,21,1083,0.000,0,-2,%,0.000
binarytrees,rust,1,21,751,21.401,119720,0,94% 77% 78% 90%,6.361
binarytrees,go,9,21,508,97.467,257972,0,41% 48% 41% 45%,56.287
binarytrees,hipe,1,21,420,21.631,554100,0,45% 11% 45% 2%,21.460
binarytrees,hack,1,21,451,165.982,614816,0,8% 61% 34% 3%,166.087
binarytrees,hack,4,21,742,34.163,351656,0,86% 87% 81% 63%,10.902
binarytrees,yarv,3,21,400,182.259,433576,0,80% 21% 0% 0%,182.391
binarytrees,lua,2,21,412,467.623,2312236,0,59% 1% 1% 42%,468.115
binarytrees,gpp,6,21,844,11.000,226000,0,37% 70% 90% 55%,4.414
binarytrees,fsharpcore,6,21,611,28.838,1055608,0,82% 81% 85% 83%,8.809
binarytrees,sbcl,1,21,594,29.739,375296,0,0% 1% 100% 0%,29.784
binarytrees,perl,1,21,395,430.485,598628,0,9% 1% 1% 91%,430.664
binarytrees,gnat,5,21,2107,26.489,202500,0,93% 80% 73% 80%,8.270
binarytrees,ifc,2,21,1148,17.297,115892,0,63% 68% 66% 100%,5.843
binarytrees,ghc,6,21,592,0.000,0,-11,%,0.000
binarytrees,csharpcore,2,21,586,19.534,817300,0,37% 27% 32% 15%,17.812
binarytrees,gcc,5,21,908,68.465,351304,0,91% 80% 98% 91%,19.050
binarytrees,dart,1,21,457,48.654,550668,0,27% 63% 31% 8%,38.019
binarytrees,fsharpcore,1,21,506,33.026,1041376,0,30% 27% 22% 38%,28.594
binarytrees,java,6,21,529,16.126,871440,0,12% 83% 23% 12%,12.658
binarytrees,fsharpcore,8,21,619,28.640,1049740,0,87% 88% 83% 82%,8.536
binarytrees,racket,1,21,476,49.169,619480,0,0% 35% 66% 0%,49.222
binarytrees,node,1,21,440,81.909,658324,0,37% 39% 59% 46%,45.391
binarytrees,rust,2,21,721,0.000,0,-11,%,0.000
binarytrees,yarv,4,21,364,127.784,547416,0,0% 1% 1% 100%,127.912
binarytrees,gpp,1,21,754,31.385,1810688,0,97% 92% 92% 92%,8.501
binarytrees,jruby,2,21,378,176.756,2332304,0,26% 25% 55% 63%,106.726
binarytrees,gcc,3,21,836,7.569,133956,0,80% 65% 68% 100%,2.439
binarytrees,python3,1,21,589,337.740,280624,0,92% 89% 87% 93%,93.553
binarytrees,csharpcore,4,21,810,26.126,877360,0,80% 80% 81% 79%,8.259
binarytrees,php,5,21,1040,222.044,736908,0,91% 95% 0% 95%,79.007
binarytrees,swift,9,21,1001,14.171,192172,0,60% 60% 63% 100%,5.053
binarytrees,fpascal,1,21,715,36.397,262180,0,100% 1% 1% 0%,36.424
binarytrees,go,7,21,525,101.848,256892,0,46% 42% 45% 43%,58.116
binarytrees,yarv,1,21,376,170.859,549480,0,1% 1% 0% 100%,170.999
binarytrees,fsharpcore,7,21,516,51.179,1220380,0,78% 79% 79% 81%,16.997
binarytrees,java,4,21,840,16.910,786092,0,45% 39% 25% 30%,12.374
binarytrees,php,3,21,428,223.651,1551796,0,5% 13% 19% 66%,223.816
binarytrees,go,2,21,660,115.730,414780,0,97% 95% 96% 96%,30.231
binarytrees,sbcl,3,21,943,24.246,311372,0,77% 49% 47% 44%,11.631
binarytrees,gcc,1,21,654,37.064,263700,0,0% 1% 0% 100%,37.090
binarytrees,gpp,9,21,809,7.988,135568,0,85% 96% 69% 66%,2.549
binarytrees,gnat,3,21,1266,84.884,528180,0,83% 90% 84% 83%,24.973
binarytrees,java,2,21,552,16.427,842424,0,23% 66% 22% 18%,12.924
binarytrees,fsharpcore,5,21,515,0.000,780,-10,0% 4% 17% 92%,0.232
binarytrees,perl,3,21,648,609.324,2199432,0,83% 93% 77% 81%,183.128
binarytrees,java,3,21,540,16.035,826544,0,38% 8% 15% 68%,12.497
binarytrees,ghc,5,21,561,0.000,0,-11,%,0.000
binarytrees,gnat,1,21,888,41.309,265428,0,0% 45% 56% 0%,41.334
binarytrees,ocaml,2,21,751,30.167,115968,0,89% 89% 82% 44%,10.025
binarytrees,ocaml,5,21,461,22.761,151984,0,100% 1% 1% 1%,22.786
binarytrees,ifc,1,21,773,65.596,250956,0,0% 6% 95% 0%,65.640
binarytrees,hack,2,21,422,152.096,614752,0,6% 95% 1% 1%,152.195
binarytrees,php,2,21,423,322.034,734856,0,0% 77% 23% 1%,322.307
binarytrees,java,7,21,835,28.275,933808,0,82% 86% 84% 88%,8.388
binarytrees,fsharpcore,3,21,531,24.892,819252,0,12% 16% 14% 70%,22.534
binarytrees,go,1,21,482,97.604,265700,0,43% 46% 46% 41%,55.803
binarytrees,mri,3,21,400,1306.592,839892,0,23% 20% 30% 29%,1307.567
binarytrees,gpp,8,21,820,13.558,221456,0,71% 98% 55% 40%,5.191
binarytrees,jruby,5,21,1083,235.587,2333064,0,95% 94% 95% 94%,63.732
binarytrees,ghc,3,21,538,0.000,0,-11,%,0.000
binarytrees,jruby,1,21,376,175.312,2330784,0,27% 22% 61% 57%,105.586
binarytrees,racket,2,21,416,29.779,501312,0,0% 1% 100% 0%,29.807
binarytrees,csharpcore,1,21,600,32.768,1169000,0,30% 31% 37% 20%,28.535
binarytrees,vw,1,21,725,75.928,375100,0,0% 100% 1% 0%,76.028
binarytrees,racket,3,21,473,28.290,493956,0,0% 0% 0% 100%,28.314
binarytrees,erlang,2,21,478,53.728,511840,0,88% 83% 91% 86%,15.509
binarytrees,php,6,21,868,235.574,736468,0,93% 94% 92% 98%,65.199
binarytrees,go,5,21,950,127.223,407804,0,99% 99% 99% 99%,32.098
binarytrees,ghc,4,21,618,0.000,0,-10,0% 0% 0% 0%,0.016
binarytrees,gpp,2,21,508,36.185,265092,0,100% 1% 1% 0%,36.208
binarytrees,erlang,1,21,420,45.944,521296,0,100% 1% 1% 0%,45.953
binarytrees,php,4,21,770,316.718,1552072,0,67% 89% 70% 71%,112.737
binarytrees,ghc,1,21,494,52.226,711956,0,91% 37% 36% 45%,25.127
binarytrees,chapel,1,21,484,43.738,298452,0,100% 77% 76% 58%,14.145
chameneosredux,csharpcore,1,6000000,1400,23.967,65052,0,85% 98% 71% 92%,6.989
chameneosredux,python3,2,6000000,908,317.359,10688,0,40% 34% 33% 40%,209.169
chameneosredux,gpp,5,6000000,1994,2.712,3584,0,100% 100% 99% 99%,0.690
chameneosredux,ocaml,3,6000000,1155,955.298,5908,0,35% 39% 38% 36%,624.872
chameneosredux,java,4,6000000,1615,17.276,36052,0,97% 98% 53% 98%,5.031
chameneosredux,sbcl,3,6000000,2922,3.883,19956,0,95% 98% 99% 96%,1.013
chameneosredux,rust,1,6000000,1455,261.121,2000,0,60% 57% 52% 51%,121.844
chameneosredux,yarv,1,6000000,923,226.811,9172,0,37% 37% 32% 32%,156.502
chameneosredux,racket,2,6000000,855,249.907,107480,0,84% 1% 1% 17%,249.939
chameneosredux,java,2,6000000,1429,24.065,75412,0,96% 61% 86% 65%,7.834
chameneosredux,gnat,5,6000000,2921,32.294,4524,0,85% 51% 36% 82%,12.647
chameneosredux,perl,4,6000000,789,566.520,12192,0,31% 34% 34% 33%,419.390
chameneosredux,go,5,6000000,957,31.812,1532,0,72% 75% 74% 72%,10.943
chameneosredux,chapel,2,6000000,1210,6.472,4000,0,99% 99% 58% 98%,1.832
chameneosredux,go,1,6000000,1167,21.330,1536,0,99% 91% 67% 99%,6.000
chameneosredux,mri,1,6000000,923,0.000,0,-2,%,0.000
chameneosredux,racket,1,6000000,805,467.264,114068,0,0% 24% 77% 0%,467.325
chameneosredux,gpp,1,6000000,2454,18.348,4072,0,97% 97% 94% 93%,4.837
chameneosredux,java,3,6000000,1267,27.164,79848,0,96% 87% 82% 74%,8.028
chameneosredux,erlang,1,6000000,734,131.188,28668,0,62% 60% 51% 53%,58.902
chameneosredux,go,2,6000000,1408,27.606,1540,0,99% 67% 99% 99%,7.622
chameneosredux,gcc,5,6000000,2868,2.384,980,0,100% 97% 98% 100%,0.606
chameneosredux,jruby,1,6000000,934,96.385,771536,0,58% 59% 68% 69%,38.375
chameneosredux,hipe,1,6000000,734,143.410,23332,0,62% 62% 55% 54%,62.300
chameneosredux,java,1,6000000,1770,12.304,58808,0,40% 32% 38% 42%,7.982
chameneosredux,ghc,4,6000000,997,12.067,6100,0,97% 100% 3% 0%,6.106
chameneosredux,vw,2,6000000,2552,44.520,56572,0,1% 0% 100% 0%,44.568
chameneosredux,chapel,1,6000000,1199,16.540,3916,0,100% 99% 100% 100%,4.174
chameneosredux,ocaml,1,6000000,1293,279.535,5192,0,41% 39% 37% 42%,169.424
chameneosredux,rust,2,6000000,2890,6.989,2148,0,98% 97% 98% 98%,1.804
chameneosredux,gcc,2,6000000,1667,21.226,1076,0,69% 35% 88% 71%,8.243
chameneosredux,gpp,2,6000000,2020,12.914,2048,0,100% 100% 100% 55%,3.665
chameneosredux,gnat,2,6000000,6027,0.000,0,-11,%,0.000
chameneosredux,ghc,1,6000000,998,8.931,6216,0,79% 100% 2% 1%,4.987
fannkuchredux,csharpcore,2,12,564,52.761,31172,0,100% 0% 1% 0%,52.772
fannkuchredux,go,1,12,900,58.647,1540,0,100% 100% 99% 100%,14.721
fannkuchredux,node,1,12,471,109.120,31028,0,100% 0% 0% 0%,109.141
fannkuchredux,gcc,3,12,567,47.869,896,0,0% 0% 1% 100%,47.879
fannkuchredux,fsharpcore,3,12,945,87.195,37096,0,94% 86% 83% 99%,24.164
fannkuchredux,node,4,12,473,89.606,30960,0,0% 100% 0% 1%,89.626
fannkuchredux,erlang,1,12,1038,684.392,35840,0,99% 100% 96% 98%,174.585
fannkuchredux,fsharpcore,1,12,551,227.038,62512,0,24% 30% 27% 24%,218.865
fannkuchredux,ifc,3,12,1158,51.604,10848,0,100% 100% 100% 100%,12.932
fannkuchredux,racket,3,12,1101,337.433,23348,0,90% 90% 90% 100%,91.114
fannkuchredux,java,1,12,1282,72.057,31820,0,99% 99% 98% 98%,18.271
fannkuchredux,jruby,2,12,1432,2060.188,782020,0,96% 98% 100% 91%,536.233
fannkuchredux,hack,3,12,1160,894.821,86800,0,100% 99% 99% 99%,226.712
fannkuchredux,python3,4,12,950,2172.633,15528,0,95% 94% 95% 100%,565.965
fannkuchredux,csharpcore,3,12,1096,78.997,32884,0,98% 100% 100% 98%,20.053
fannkuchredux,gnat,3,12,2113,40.767,4504,0,100% 100% 99% 100%,10.234
fannkuchredux,rust,3,12,1020,0.000,0,-11,%,0.000
fannkuchredux,gcc,4,12,1183,22.652,852,0,0% 100% 1% 0%,22.658
fannkuchredux,fsharpcore,4,12,612,68.859,34816,0,100% 0% 1% 0%,68.872
fannkuchredux,mri,1,12,384,20148.458,4648,0,21% 45% 13% 22%,20154.110
fannkuchredux,mri,2,12,1432,0.000,0,-2,100% 0% 0% 50%,0.009
fannkuchredux,csharpcore,4,12,1172,74.982,33008,0,99% 99% 99% 100%,18.947
fannkuchredux,ghc,6,12,1113,60.919,3280,0,99% 98% 100% 100%,15.406
fannkuchredux,sbcl,2,12,517,94.877,18344,0,67% 1% 0% 34%,94.894
fannkuchredux,gpp,5,12,980,41.896,2044,0,100% 96% 100% 100%,10.610
fannkuchredux,sbcl,4,12,1527,65.549,33672,0,100% 98% 91% 99%,16.903
fannkuchredux,gpp,7,12,1150,25.354,852,0,0% 1% 0% 100%,25.360
fannkuchredux,gpp,3,12,593,68.228,900,0,0% 0% 0% 100%,68.241
fannkuchredux,java,3,12,1257,70.822,31804,0,1% 1% 1% 100%,70.629
fannkuchredux,php,1,12,482,1401.863,9360,0,1% 0% 0% 100%,1402.134
fannkuchredux,csharpcore,1,12,520,79.433,31700,0,100% 0% 1% 0%,79.447
fannkuchredux,php,3,12,1160,929.489,34748,0,100% 99% 100% 99%,233.570
fannkuchredux,java,2,12,514,76.665,32176,0,25% 0% 0% 75%,76.525
fannkuchredux,perl,3,12,427,1788.099,3756,0,13% 41% 1% 46%,1788.455
fannkuchredux,racket,2,12,908,292.865,23304,0,0% 1% 1% 100%,292.791
fannkuchredux,ocaml,3,12,1017,0.008,30620,0,100% 100% 100% 100%,16.123
fannkuchredux,csharpcore,5,12,1049,55.766,32724,0,97% 92% 98% 99%,14.444
fannkuchredux,fpascal,1,12,1050,71.353,1984,0,100% 100% 100% 100%,17.899
fannkuchredux,chapel,1,12,728,44.584,4000,0,100% 99% 100% 100%,11.216
fannkuchredux,gpp,1,12,1059,55.837,2020,0,99% 95% 99% 100%,14.246
fannkuchredux,sbcl,3,12,826,75.500,33632,0,0% 1% 100% 0%,75.519
fannkuchredux,go,2,12,896,59.533,10788,0,100% 100% 100% 100%,14.938
fannkuchredux,php,2,12,441,907.745,8892,0,0% 92% 9% 0%,907.922
fannkuchredux,gcc,5,12,910,34.221,980,0,100% 97% 100% 100%,8.659
fannkuchredux,gpp,2,12,1440,50.959,2252,0,100% 100% 99% 94%,13.017
fannkuchredux,python3,6,12,385,2402.521,10008,0,0% 54% 47% 1%,2403.110
fannkuchredux,ocaml,1,12,524,99.924,1836,0,0% 99% 2% 0%,99.942
fannkuchredux,hipe,1,12,1038,398.396,20880,0,97% 94% 100% 99%,103.248
fannkuchredux,fsharpcore,2,12,548,85.457,35400,0,0% 24% 77% 0%,85.477
fannkuchredux,ghc,4,12,665,239.537,3932,0,99% 100% 100% 99%,60.185
fannkuchredux,gcc,2,12,1557,60.645,948,0,96% 99% 97% 100%,15.501
fannkuchredux,ghc,3,12,1159,0.000,0,-11,%,0.000
fannkuchredux,swift,3,12,1102,40.207,7996,0,99% 100% 100% 100%,10.109
fannkuchredux,vw,1,12,927,694.064,53736,0,1% 100% 1% 1%,694.426
fannkuchredux,fsharpcore,7,12,953,64.800,36904,0,100% 98% 97% 95%,16.647
fannkuchredux,dart,2,12,495,91.766,44168,0,45% 48% 8% 0%,91.291
fannkuchredux,jruby,1,12,384,838.960,799468,0,25% 51% 13% 14%,825.187
fannkuchredux,hack,2,12,440,891.474,86260,0,3% 87% 1% 11%,891.673
fannkuchredux,sbcl,5,12,681,55.890,46576,0,0% 9% 92% 0%,55.906
fannkuchredux,yarv,1,12,384,1978.585,8828,0,1% 64% 36% 0%,1979.046
fannkuchredux,ghc,5,12,842,0.000,0,-11,%,0.000
fannkuchredux,csharpcore,6,12,1068,57.810,32708,0,100% 100% 99% 99%,14.532
fannkuchredux,gpp,4,12,1439,50.853,2176,0,99% 100% 100% 94%,12.985
fannkuchredux,fsharpcore,8,12,949,65.091,36616,0,99% 95% 98% 99%,16.706
fannkuchredux,ghc,2,12,808,0.000,0,-11,%,0.000
fannkuchredux,ocaml,4,12,1004,0.008,19304,0,100% 100% 100% 100%,16.530
fannkuchredux,hack,1,12,532,2347.891,86416,0,8% 30% 1% 63%,2348.381
fannkuchredux,ghc,1,12,559,639.124,6180,0,28% 37% 22% 44%,492.576
fannkuchredux,rust,2,12,1191,47.315,1832,0,99% 100% 95% 99%,12.069
fannkuchredux,typescript,1,12,445,147.207,31044,0,100% 0% 1% 0%,147.231
fannkuchredux,racket,1,12,649,304.302,23284,0,0% 39% 62% 0%,304.288
fannkuchredux,ocaml,2,12,473,85.473,1856,0,0% 1% 0% 100%,85.488
fannkuchredux,gcc,1,12,508,72.300,812,0,100% 0% 1% 0%,72.314
fannkuchredux,yarv,2,12,1432,2613.659,30416,0,98% 100% 100% 92%,671.166
fannkuchredux,fsharpcore,5,12,912,76.229,36856,0,99% 100% 99% 99%,19.355
fannkuchredux,fsharpcore,6,12,1025,71.318,35916,0,99% 98% 95% 98%,18.290
fannkuchredux,swift,1,12,451,58.750,4568,0,82% 19% 0% 0%,58.764
fannkuchredux,ifc,1,12,599,69.413,1412,0,0% 1% 100% 0%,69.430
fannkuchredux,perl,1,12,457,2378.727,3796,0,8% 1% 0% 92%,2379.217
fannkuchredux,perl,2,12,570,2198.553,11260,0,96% 99% 95% 97%,570.206
fannkuchredux,lua,1,12,462,1383.687,1460,0,0% 100% 1% 0%,1383.932
fannkuchredux,typescript,2,12,454,139.506,31248,0,0% 97% 4% 0%,139.532
fasta,swift,1,25000000,1527,11.978,7592,0,0% 1% 0% 100%,11.982
fasta,php,2,25000000,1050,98.902,9332,0,23% 0% 1% 77%,98.924
fasta,java,2,25000000,1257,8.062,36844,0,11% 91% 2% 1%,7.815
fasta,ghc,1,25000000,969,10.088,5164,0,100% 2% 2% 3%,9.555
fasta,rust,2,25000000,1906,0.000,0,-11,%,0.000
fasta,node,1,25000000,809,88.245,797988,0,18% 29% 25% 35%,83.122
fasta,php,3,25000000,1062,59.105,9412,0,40% 0% 1% 60%,59.118
fasta,fsharpcore,2,25000000,1308,17.030,313120,0,52% 47% 56% 45%,8.594
fasta,fsharpcore,1,25000000,1002,8.812,35732,0,0% 1% 100% 0%,8.816
fasta,sbcl,2,25000000,1622,17.869,22792,0,0% 100% 1% 0%,17.875
fasta,node,3,25000000,1128,10.736,34596,0,10% 0% 0% 90%,10.736
fasta,node,2,25000000,931,50.796,652684,0,14% 29% 48% 17%,47.145
fasta,gcc,5,25000000,1281,2.733,860,0,0% 1% 1% 100%,2.735
fasta,jruby,3,25000000,1002,141.578,823720,0,9% 19% 27% 53%,131.709
fasta,hipe,2,25000000,1164,29.152,21756,0,2% 1% 47% 54%,27.897
fasta,perl,2,25000000,922,281.212,5040,0,0% 1% 17% 83%,281.329
fasta,mri,4,25000000,913,531.371,275524,0,68% 0% 1% 32%,531.812
fasta,python3,1,25000000,817,143.644,10236,0,100% 1% 0% 1%,143.822
fasta,hack,3,25000000,1061,69.625,87024,0,1% 0% 0% 100%,69.657
fasta,fpascal,4,25000000,1140,10.848,8,0,100% 0% 1% 0%,10.851
fasta,yarv,3,25000000,1002,99.647,106544,0,0% 0% 100% 0%,99.674
fasta,gpp,4,25000000,1287,6.060,896,0,0% 0% 1% 100%,6.063
fasta,csharpcore,2,25000000,1195,6.351,32336,0,100% 0% 0% 1%,6.353
fasta,rust,1,25000000,1237,7.479,1752,0,1% 100% 0% 0%,7.482
fasta,mri,5,25000000,995,556.231,4372,0,2% 41% 12% 47%,556.960
fasta,perl,4,25000000,966,212.250,4864,0,0% 48% 7% 46%,212.365
fasta,erlang,1,25000000,1039,161.072,21608,0,18% 97% 4% 21%,116.935
fasta,gcc,4,25000000,1240,6.064,896,0,100% 1% 1% 1%,6.067
fasta,gnat,1,25000000,1379,10.355,2124,0,0% 0% 100% 1%,10.359
fasta,dart,1,25000000,1403,8.185,50560,0,1% 1% 99% 1%,8.104
fasta,gpp,1,25000000,1057,7.182,1824,0,1% 100% 1% 1%,7.185
fasta,gcc,2,25000000,2268,5.251,2912,0,100% 99% 100% 99%,1.324
fasta,mri,3,25000000,1002,0.000,0,-2,33% 33% 33% 100%,0.020
fasta,sbcl,6,25000000,1757,7.988,19688,0,33% 1% 1% 68%,7.991
fasta,csharpcore,4,25000000,1524,10.148,177428,0,88% 88% 99% 88%,2.811
fasta,node,4,25000000,1785,9.820,34804,0,100% 1% 0% 0%,9.798
fasta,ghc,2,25000000,1319,45.339,447320,0,88% 82% 86% 78%,13.710
fasta,gpp,6,25000000,2324,5.276,4372,0,89% 88% 90% 90%,1.487
fasta,sbcl,3,25000000,1587,10.206,18008,0,100% 1% 0% 0%,10.209
fasta,sbcl,1,25000000,1424,19.074,22728,0,0% 100% 0% 0%,19.080
fasta,rust,5,25000000,1961,0.000,0,-11,%,0.000
fasta,gpp,5,25000000,2344,5.317,4352,0,89% 89% 86% 89%,1.524
fasta,gpp,2,25000000,1127,5.098,1860,0,25% 77% 1% 0%,5.101
fasta,jruby,1,25000000,770,407.839,1034820,0,7% 12% 32% 54%,393.615
fasta,ifc,3,25000000,1215,4.727,8,0,100% 0% 0% 2%,4.729
fasta,erlang,2,25000000,1164,56.480,23568,0,99% 2% 4% 1%,54.484
fasta,java,4,25000000,1524,5.351,36388,0,2% 3% 3% 98%,5.106
fasta,gcc,1,25000000,1206,7.656,900,0,100% 1% 0% 0%,7.659
fasta,gpp,7,25000000,2711,4.183,1952,0,79% 78% 78% 79%,1.346
fasta,fsharpcore,3,25000000,1350,6.266,123472,0,93% 99% 93% 93%,1.665
fasta,yarv,2,25000000,743,202.482,204492,0,26% 75% 0% 0%,202.549
fasta,ocaml,3,25000000,1064,0.000,0,-11,%,0.000
fasta,gcc,6,25000000,1930,5.370,2660,0,5% 98% 98% 100%,1.821
fasta,rust,3,25000000,1233,3.835,2904,0,0% 0% 1% 100%,3.837
fasta,swift,2,25000000,1953,4.363,9004,0,71% 3% 82% 4%,2.784
fasta,lua,3,25000000,1061,50.701,2968,0,0% 100% 1% 0%,50.714
fasta,ocaml,6,25000000,1189,5.991,199732,0,0% 2% 100% 0%,5.996
fasta,go,3,25000000,1358,5.690,3640,0,84% 66% 70% 56%,2.077
fasta,typescript,1,25000000,1229,15.951,34000,0,0% 74% 26% 1%,15.953
fasta,go,1,25000000,1053,7.154,1472,0,0% 1% 100% 0%,7.155
fasta,hack,4,25000000,1147,41.515,86892,0,69% 4% 4% 32%,41.541
fasta,go,2,25000000,1404,6.313,10808,0,57% 47% 79% 49%,2.717
fasta,python3,5,25000000,1947,138.968,15996,0,55% 55% 63% 66%,59.465
fasta,ifc,4,25000000,1351,2.903,8,0,100% 0% 1% 2%,2.905
fasta,yarv,5,25000000,995,154.236,8892,0,0% 0% 100% 1%,154.381
fasta,gnat,5,25000000,2221,4.080,2092,0,0% 29% 72% 3%,4.083
fasta,gpp,3,25000000,1307,4.179,1888,0,1% 1% 1% 100%,4.182
fasta,vw,1,25000000,1536,47.324,56084,0,100% 1% 1% 0%,47.340
fasta,racket,3,25000000,1280,17.463,26148,0,0% 1% 100% 0%,17.469
fasta,chapel,2,25000000,1392,5.826,5728,0,100% 82% 82% 83%,1.690
fasta,hack,2,25000000,1047,44.448,86872,0,0% 46% 56% 0%,44.473
fasta,racket,1,25000000,1066,42.620,24936,0,1% 0% 0% 100%,42.623
fasta,csharpcore,3,25000000,1916,8.021,65188,0,98% 86% 87% 87%,2.252
fasta,swift,3,25000000,2096,7.854,31132,0,83% 85% 71% 94%,2.369
fasta,python3,2,25000000,1121,109.525,10456,0,100% 1% 0% 0%,109.551
fasta,rust,4,25000000,939,7.144,124384,0,100% 1% 0% 0%,7.148
fasta,gcc,7,25000000,2011,5.284,2896,0,100% 98% 97% 96%,1.361
fasta,yarv,4,25000000,913,149.187,191216,0,0% 7% 0% 94%,149.340
fasta,mri,2,25000000,743,704.162,248152,0,39% 15% 7% 44%,704.412
fasta,lua,2,25000000,1061,50.064,2920,0,0% 7% 94% 0%,50.078
fasta,java,5,25000000,2473,5.926,43628,0,51% 75% 57% 81%,2.268
fasta,ifc,1,25000000,1190,6.221,8,0,0% 61% 40% 0%,6.224
fasta,hipe,1,25000000,1039,151.652,20868,0,33% 39% 49% 24%,105.446
fasta,csharpcore,1,25000000,2098,7.968,65216,0,95% 99% 95% 95%,2.086
fasta,perl,1,25000000,871,99.614,54044,0,0% 1% 0% 100%,99.637
fasta,python3,3,25000000,1003,109.362,10460,0,0% 0% 0% 100%,109.388
fasta,chapel,1,25000000,1218,9.101,4820,0,100% 1% 0% 0%,9.094
knucleotide,csharpcore,2,25000000,1018,141.605,1057704,0,24% 28% 29% 23%,137.993
knucleotide,vw,5,25000000,1303,651.608,387932,0,39% 63% 34% 21%,652.474
knucleotide,sbcl,6,25000000,2479,63.339,542680,0,88% 89% 100% 88%,17.373
knucleotide,csharpcore,6,25000000,1603,38.177,184192,0,97% 72% 50% 51%,14.247
knucleotide,mri,2,25000000,420,861.763,168116,0,57% 0% 1% 43%,862.586
knucleotide,perl,4,25000000,476,215.416,1068544,0,78% 78% 83% 97%,64.223
knucleotide,swift,2,25000000,1366,81.360,233016,0,96% 91% 95% 91%,21.885
knucleotide,yarv,7,25000000,858,342.071,381212,0,97% 86% 86% 91%,95.269
knucleotide,gpp,3,25000000,1276,26.024,165180,0,80% 96% 82% 79%,7.750
knucleotide,typescript,1,25000000,719,0.000,0,-2,0% 0% 89% 0%,0.083
knucleotide,dart,1,25000000,610,313.230,411572,0,10% 45% 47% 1%,310.986
knucleotide,erlang,1,25000000,930,523.908,3590628,0,57% 71% 71% 71%,242.573
knucleotide,go,6,25000000,1590,50.888,147984,0,79% 87% 97% 96%,14.215
knucleotide,csharpcore,7,25000000,1838,53.911,841468,0,92% 76% 76% 82%,16.665
knucleotide,ocaml,1,25000000,875,0.000,0,-11,%,0.000
knucleotide,jruby,3,25000000,540,867.727,1151568,0,92% 87% 89% 89%,243.377
knucleotide,hipe,1,25000000,936,331.812,3270888,0,73% 59% 62% 56%,143.453
knucleotide,python3,1,25000000,607,415.629,309992,0,94% 72% 76% 74%,131.599
knucleotide,java,1,25000000,1812,27.091,385056,0,85% 72% 70% 85%,8.748
knucleotide,gpp,1,25000000,1446,24.109,756276,0,88% 13% 21% 90%,11.515
knucleotide,perl,1,25000000,652,226.024,1253764,0,87% 90% 88% 84%,65.911
knucleotide,python3,3,25000000,1967,302.859,182700,0,97% 99% 97% 98%,77.651
knucleotide,java,3,25000000,1635,41.540,381676,0,78% 89% 90% 80%,12.363
knucleotide,swift,1,25000000,1231,83.653,181548,0,80% 83% 96% 79%,24.920
knucleotide,go,1,25000000,986,176.100,391312,0,76% 95% 82% 86%,52.175
knucleotide,erlang,3,25000000,932,499.140,892448,0,69% 71% 94% 56%,175.103
knucleotide,csharpcore,9,25000000,2283,39.447,201500,0,78% 74% 97% 73%,12.309
knucleotide,perl,3,25000000,513,234.721,1146448,0,71% 75% 94% 95%,69.990
knucleotide,java,5,25000000,2219,79.183,228788,0,54% 94% 14% 62%,35.513
knucleotide,hipe,3,25000000,937,323.769,798548,0,83% 67% 69% 70%,113.833
knucleotide,lua,2,25000000,613,183.188,513992,0,81% 1% 1% 20%,184.254
knucleotide,gnat,2,25000000,4908,25.264,258596,0,30% 65% 42% 87%,11.317
knucleotide,rust,1,25000000,1078,111.273,152768,0,100% 48% 51% 87%,39.108
knucleotide,rust,6,25000000,1671,16.440,140784,0,83% 51% 67% 99%,5.530
knucleotide,yarv,2,25000000,420,381.671,162068,0,0% 1% 100% 0%,381.837
knucleotide,sbcl,5,25000000,2320,37.085,152812,0,0% 62% 38% 0%,37.117
knucleotide,ocaml,2,25000000,1212,0.000,0,-11,%,0.000
knucleotide,fsharpcore,2,25000000,1926,36.773,195348,0,96% 88% 84% 86%,10.427
knucleotide,rust,4,25000000,1749,17.274,137956,0,69% 62% 66% 100%,5.863
knucleotide,csharpcore,5,25000000,2319,37.803,181368,0,96% 31% 97% 60%,13.370
knucleotide,rust,5,25000000,1739,24.163,137456,0,92% 36% 32% 93%,9.571
knucleotide,node,1,25000000,1008,144.139,1843020,0,86% 69% 78% 67%,69.422
knucleotide,chapel,1,25000000,1063,66.469,293140,0,100% 88% 88% 88%,18.314
knucleotide,csharpcore,4,25000000,1702,94.567,777296,0,87% 95% 89% 83%,26.766
knucleotide,ghc,1,25000000,1059,141.796,523084,0,91% 88% 88% 87%,40.224
knucleotide,rust,2,25000000,1347,47.113,137832,0,45% 85% 58% 90%,17.099
knucleotide,node,2,25000000,935,137.093,1739992,0,80% 75% 95% 71%,61.240
knucleotide,csharpcore,1,25000000,1425,99.770,724320,0,1% 98% 2% 1%,98.443
knucleotide,dart,2,25000000,2467,91.869,2043956,0,58% 71% 80% 67%,33.476
knucleotide,fsharpcore,3,25000000,1111,65.242,1244556,0,77% 55% 79% 33%,26.924
knucleotide,racket,4,25000000,885,88.045,367936,0,0% 0% 0% 100%,88.046
knucleotide,sbcl,2,25000000,1284,141.009,320176,0,7% 0% 1% 93%,141.067
knucleotide,jruby,1,25000000,637,904.136,1151636,0,89% 90% 92% 94%,248.110
knucleotide,csharpcore,8,25000000,2044,40.361,189036,0,96% 95% 74% 87%,11.469
knucleotide,php,4,25000000,1079,133.266,242044,0,83% 76% 73% 91%,41.388
knucleotide,rust,7,25000000,1647,0.000,0,-11,%,0.000
knucleotide,csharpcore,3,25000000,1404,201.928,672520,0,74% 97% 80% 77%,61.806
knucleotide,perl,2,25000000,359,218.238,658792,0,0% 100% 1% 0%,218.337
knucleotide,go,3,25000000,1722,47.345,148052,0,87% 97% 94% 95%,12.767
knucleotide,go,2,25000000,1560,131.570,265288,0,92% 53% 96% 49%,45.384
knucleotide,yarv,1,25000000,637,402.052,131572,0,95% 92% 88% 96%,108.470
knucleotide,sbcl,3,25000000,1290,140.413,320176,0,0% 17% 84% 0%,140.474
knucleotide,gcc,1,25000000,1506,19.332,130160,0,76% 50% 92% 75%,6.670
knucleotide,fsharpcore,4,25000000,1509,62.947,1198184,0,90% 80% 75% 83%,19.286
knucleotide,mri,3,25000000,540,1353.920,168380,0,32% 25% 43% 0%,1354.554
knucleotide,ocaml,3,25000000,1833,57.548,255436,0,47% 39% 94% 89%,21.627
knucleotide,sbcl,1,25000000,2424,67.685,382488,0,71% 100% 71% 70%,21.709
knucleotide,fsharpcore,1,25000000,701,228.936,850760,0,78% 78% 82% 78%,72.691
knucleotide,mri,7,25000000,858,0.000,0,-2,71% 83% 71% 100%,0.056
knucleotide,racket,1,25000000,547,243.382,1313516,0,94% 0% 1% 6%,243.410
knucleotide,hack,4,25000000,1081,201.507,293544,0,90% 89% 77% 88%,59.217
knucleotide,java,4,25000000,1882,62.039,197284,0,39% 61% 1% 1%,60.928
knucleotide,ifc,1,25000000,2238,0.000,0,-2,0% 0% 100% 0%,0.089
knucleotide,python3,8,25000000,655,402.733,496140,0,92% 56% 96% 57%,133.795
knucleotide,ghc,2,25000000,1486,0.000,0,-11,%,0.000
knucleotide,sbcl,4,25000000,2291,37.509,152780,0,0% 1% 1% 100%,37.540
knucleotide,rust,3,25000000,1661,24.408,137472,0,90% 26% 100% 35%,9.810
knucleotide,fsharpcore,5,25000000,1959,38.110,195944,0,95% 92% 92% 86%,10.440
knucleotide,java,6,25000000,1607,41.390,381104,0,79% 82% 95% 81%,12.314
knucleotide,mri,1,25000000,637,1016.190,126784,0,67% 92% 72% 98%,308.817
knucleotide,yarv,3,25000000,540,397.908,159688,0,50% 50% 1% 0%,398.194
mandelbrot,yarv,7,16000,973,2203.057,45584,0,95% 95% 95% 95%,580.435
mandelbrot,gcc,8,16000,782,18.955,31100,0,100% 96% 97% 96%,4.894
mandelbrot,python3,2,16000,783,1525.489,15680,0,97% 97% 100% 97%,389.571
mandelbrot,mri,7,16000,973,0.000,0,-2,75% 0% 25% 0%,0.076
mandelbrot,racket,2,16000,585,86.123,25132,0,0% 1% 100% 0%,86.131
mandelbrot,erlang,1,16000,534,2042.644,1649380,0,99% 99% 100% 99%,516.359
mandelbrot,gpp,4,16000,1035,28.395,33068,0,100% 100% 100% 100%,7.129
mandelbrot,fpascal,2,16000,846,61.870,33144,0,36% 43% 94% 93%,23.304
mandelbrot,rust,4,16000,1160,0.000,0,-11,%,0.000
mandelbrot,python3,7,16000,688,899.252,15736,0,100% 100% 100% 100%,225.242
mandelbrot,fpascal,5,16000,845,58.403,30016,0,100% 100% 100% 100%,14.617
mandelbrot,gcc,9,16000,694,22.531,32912,0,96% 96% 96% 100%,5.839
mandelbrot,fsharpcore,3,16000,800,49.108,68952,0,100% 99% 99% 99%,12.400
mandelbrot,gnat,2,16000,577,51.732,2068,0,100% 0% 0% 1%,51.741
mandelbrot,hipe,1,16000,534,484.084,1635360,0,97% 97% 97% 97%,124.901
mandelbrot,fsharpcore,2,16000,1043,54.655,39964,0,99% 99% 99% 99%,13.834
mandelbrot,rust,6,16000,1332,0.000,0,-11,%,0.000
mandelbrot,swift,3,16000,1136,13.051,39664,0,100% 99% 99% 99%,3.293
mandelbrot,hipe,2,16000,613,475.390,749356,0,99% 99% 99% 99%,119.912
mandelbrot,fpascal,3,16000,526,56.309,8,0,55% 0% 1% 45%,56.321
mandelbrot,yarv,2,16000,925,2081.069,127152,0,100% 100% 100% 100%,520.833
mandelbrot,go,2,16000,837,49.412,32964,0,100% 100% 100% 100%,12.391
mandelbrot,csharpcore,3,16000,701,45.035,65652,0,100% 99% 99% 99%,11.396
mandelbrot,gpp,1,16000,1791,5.989,25704,0,99% 100% 100% 100%,1.511
mandelbrot,mri,2,16000,925,17515.121,68012,0,100% 100% 100% 100%,4384.807
mandelbrot,rust,1,16000,868,16.183,40468,0,97% 98% 100% 100%,4.125
mandelbrot,fsharpcore,1,16000,877,26.198,67124,0,98% 100% 99% 98%,6.655
mandelbrot,sbcl,1,16000,2473,28.526,50540,0,99% 85% 86% 100%,7.735
mandelbrot,ifc,3,16000,761,0.000,0,-10,100% 100% 83% 100%,0.057
mandelbrot,csharpcore,7,16000,923,25.631,64924,0,98% 100% 98% 98%,6.511
mandelbrot,gpp,5,16000,590,23.829,33544,0,0% 0% 0% 100%,23.836
mandelbrot,gpp,3,16000,414,83.884,1904,0,1% 100% 0% 0%,83.905
mandelbrot,go,1,16000,823,41.997,32436,0,99% 100% 100% 99%,10.576
mandelbrot,dart,1,16000,920,55.983,97796,0,46% 38% 99% 91%,20.496
mandelbrot,scala,1,16000,724,51.232,75944,0,98% 100% 98% 98%,13.068
mandelbrot,gcc,6,16000,1135,6.526,29424,0,99% 100% 100% 100%,1.643
mandelbrot,jruby,7,16000,973,3175.339,838956,0,98% 98% 98% 97%,816.483
mandelbrot,csharpcore,6,16000,755,26.829,65088,0,98% 99% 100% 99%,6.794
mandelbrot,go,4,16000,905,21.790,30912,0,99% 99% 99% 100%,5.484
mandelbrot,lua,1,16000,359,599.825,2856,0,0% 89% 12% 0%,599.946
mandelbrot,gpp,7,16000,1017,24.235,34264,0,100% 100% 100% 100%,6.093
mandelbrot,lua,6,16000,623,779.677,22652,0,100% 72% 74% 67%,250.097
mandelbrot,ifc,7,16000,709,0.000,0,-10,100% 67% 67% 67%,0.028
mandelbrot,jruby,4,16000,846,3328.670,837464,0,98% 98% 98% 98%,849.335
mandelbrot,ifc,1,16000,499,0.000,1408,-10,0% 100% 0% 4%,0.240
mandelbrot,ifc,6,16000,661,20.764,59724,0,79% 80% 79% 100%,6.155
mandelbrot,hack,1,16000,449,176.029,86192,0,8% 1% 1% 92%,176.188
mandelbrot,node,1,16000,748,63.701,613608,0,85% 94% 99% 83%,17.716
mandelbrot,gcc,1,16000,822,25.581,27892,0,100% 100% 100% 100%,6.418
mandelbrot,perl,1,16000,586,2912.267,42964,0,100% 100% 100% 100%,729.088
mandelbrot,mri,6,16000,918,19589.414,262872,0,98% 98% 98% 99%,4995.026
mandelbrot,mri,5,16000,1023,0.000,0,-2,%,0.000
mandelbrot,java,4,16000,660,22.501,66784,0,80% 97% 52% 81%,7.323
mandelbrot,racket,1,16000,517,118.147,26836,0,54% 31% 18% 0%,118.151
mandelbrot,lua,2,16000,367,720.436,1576,0,49% 1% 1% 51%,720.586
mandelbrot,typescript,1,16000,396,0.000,2004224,-1,31% 28% 16% 26%,3605.301
mandelbrot,gcc,3,16000,763,23.465,32516,0,100% 99% 100% 100%,5.902
mandelbrot,racket,3,16000,802,73.572,26064,0,0% 0% 0% 100%,73.570
mandelbrot,gcc,4,16000,799,23.431,32728,0,99% 99% 99% 100%,5.906
mandelbrot,go,6,16000,700,50.744,30864,0,100% 100% 100% 100%,12.720
mandelbrot,java,2,16000,796,23.594,76520,0,97% 98% 98% 96%,6.099
mandelbrot,csharpcore,2,16000,484,136.717,62236,0,0% 52% 49% 0%,136.673
mandelbrot,php,3,16000,875,471.565,137452,0,100% 100% 100% 100%,118.071
mandelbrot,ifc,5,16000,520,60.295,34036,0,0% 52% 49% 0%,60.310
mandelbrot,gnat,3,16000,1819,22.167,32376,0,100% 100% 98% 99%,5.589
mandelbrot,ghc,2,16000,782,46.533,38588,0,100% 100% 100% 100%,11.657
mandelbrot,hack,2,16000,467,694.367,86044,0,0% 2% 5% 96%,694.656
mandelbrot,gpp,2,16000,692,29.010,34084,0,4% 5% 3% 100%,29.018
mandelbrot,chapel,2,16000,620,21.661,35756,0,100% 99% 99% 99%,5.470
mandelbrot,php,1,16000,449,467.105,8964,0,2% 0% 0% 98%,467.208
mandelbrot,ocaml,1,16000,710,0.000,0,-11,%,0.000
mandelbrot,chapel,1,16000,455,47.764,35576,0,100% 99% 99% 100%,11.994
mandelbrot,fsharpcore,4,16000,886,32.772,66916,0,100% 99% 99% 99%,8.304
mandelbrot,vw,1,16000,627,583.692,54500,0,39% 62% 27% 17%,584.035
mandelbrot,java,1,16000,665,44.449,33180,0,22% 1% 0% 79%,44.343
mandelbrot,rust,3,16000,1007,7.510,13712,0,100% 99% 100% 99%,1.894
mandelbrot,gcc,7,16000,994,24.238,33060,0,100% 100% 100% 100%,6.096
mandelbrot,ocaml,6,16000,444,55.171,2900,0,0% 1% 0% 100%,55.182
mandelbrot,yarv,5,16000,1023,0.000,70208,-10,100% 100% 100% 100%,426.408
mandelbrot,ifc,4,16000,618,48.700,62360,0,84% 50% 93% 33%,18.828
mandelbrot,java,6,16000,802,24.675,76684,0,97% 97% 97% 99%,6.369
mandelbrot,vw,2,16000,940,151.336,118764,0,28% 75% 68% 98%,214.933
mandelbrot,python3,5,16000,458,1615.234,15696,0,100% 100% 100% 100%,404.354
mandelbrot,fpascal,4,16000,774,66.320,30112,0,100% 100% 100% 100%,16.593
mandelbrot,ifc,2,16000,821,0.000,294056,-10,100% 0% 1% 0%,50.691
mandelbrot,gpp,9,16000,726,19.952,34380,0,99% 95% 95% 96%,5.179
mandelbrot,gpp,8,16000,742,21.718,34384,0,96% 41% 37% 100%,8.000
mandelbrot,go,3,16000,894,21.763,30372,0,99% 100% 99% 99%,5.486
mandelbrot,swift,1,16000,394,49.030,7532,0,100% 1% 0% 0%,49.041
mandelbrot,lua,3,16000,358,583.582,2828,0,0% 97% 4% 0%,583.700
mandelbrot,fpascal,1,16000,846,61.863,33144,0,93% 37% 93% 43%,23.303
mandelbrot,erlang,2,16000,613,2022.760,1285708,0,100% 100% 100% 100%,508.261
mandelbrot,csharpcore,1,16000,798,45.938,65784,0,100% 99% 99% 99%,11.593
mandelbrot,java,3,16000,903,44.861,78932,0,98% 98% 98% 99%,11.425
mandelbrot,csharpcore,8,16000,794,22.932,65344,0,99% 98% 98% 99%,5.830
mandelbrot,racket,4,16000,801,74.759,114768,0,95% 95% 96% 96%,19.597
mandelbrot,yarv,6,16000,918,2056.531,98652,0,95% 95% 95% 95%,542.141
mandelbrot,jruby,5,16000,1023,4589.733,1725120,0,98% 98% 98% 98%,1175.655
mandelbrot,jruby,3,16000,307,2885.913,789760,0,25% 41% 12% 24%,2862.256
mandelbrot,csharpcore,5,16000,839,28.910,62212,0,100% 99% 99% 98%,7.328
mandelbrot,csharpcore,4,16000,672,26.672,64264,0,99% 99% 98% 100%,6.757
mandelbrot,hack,3,16000,877,166.871,99020,0,98% 99% 99% 99%,42.446
mandelbrot,gcc,2,16000,400,47.270,896,0,0% 0% 1% 100%,47.281
mandelbrot,sbcl,3,16000,894,45.257,50360,0,42% 92% 35% 100%,16.854
mandelbrot,gpp,6,16000,1002,6.514,27636,0,100% 99% 100% 99%,1.641
meteor,ghc,5,2098,2953,0.701,6560,0,9% 100% 11% 9%,0.556
meteor,yarv,1,2098,2768,7.422,9732,0,0% 0% 0% 100%,7.427
meteor,gpp,2,2098,4093,0.159,0,0,12% 100% 7% 0%,0.161
meteor,chapel,1,2098,2736,0.242,0,0,90% 63% 71% 67%,0.090
meteor,gpp,6,2098,2620,0.050,0,0,%,0.000
meteor,ghc,1,2098,2215,0.908,5704,0,10% 10% 99% 11%,0.766
meteor,rust,1,2098,2238,0.139,0,0,67% 67% 80% 57%,0.061
meteor,gpp,5,2098,5058,0.078,0,0,0% 0% 0% 100%,0.080
meteor,java,2,2098,5180,0.641,2240,0,21% 69% 50% 52%,0.335
meteor,perl,1,2098,1547,46.721,6984,0,0% 0% 1% 100%,46.739
meteor,ghc,4,2098,818,1.742,6816,0,99% 6% 7% 5%,1.486
meteor,gnat,1,2098,7434,0.000,0,-11,%,0.000
meteor,racket,1,2098,1907,0.609,24880,0,100% 0% 0% 3%,0.611
meteor,gpp,1,2098,4348,0.135,0,0,100% 7% 14% 8%,0.136
meteor,ghc,2,2098,1914,0.707,6100,0,10% 98% 12% 9%,0.576
meteor,mri,1,2098,2768,33.676,6028,0,0% 100% 1% 0%,33.690
meteor,jruby,2,2098,2786,30.780,780992,0,65% 71% 40% 42%,14.251
meteor,java,1,2098,4408,1.161,39452,0,12% 7% 33% 96%,0.802
meteor,ocaml,1,2098,2156,0.000,0,-11,%,0.000
meteor,gpp,4,2098,5336,0.069,0,0,14% 100% 0% 14%,0.070
meteor,lua,5,2098,1558,2.074,5348,0,100% 0% 0% 1%,2.076
meteor,fpascal,3,2098,5517,0.081,0,0,0% 100% 0% 0%,0.083
meteor,chapel,2,2098,2603,0.083,0,0,75% 50% 33% 50%,0.040
meteor,lua,6,2098,1655,1.007,4824,0,1% 100% 3% 0%,1.010
meteor,python3,3,2098,1220,9.815,11984,0,100% 1% 0% 0%,9.819
meteor,yarv,2,2098,2786,4.636,9648,0,100% 1% 0% 0%,4.639
meteor,rust,2,2098,3848,0.088,0,0,67% 100% 100% 75%,0.034
meteor,ghc,3,2098,1826,0.621,5912,0,96% 16% 12% 13%,0.496
meteor,jruby,1,2098,2768,32.174,840376,0,74% 39% 37% 54%,15.985
meteor,perl,2,2098,1512,18.986,6880,0,35% 0% 1% 65%,18.992
meteor,go,1,2098,2995,0.131,0,0,0% 0% 100% 7%,0.133
meteor,vw,1,2098,5373,0.676,56684,0,6% 1% 3% 99%,0.680
meteor,python3,2,2098,1330,7.643,10212,0,1% 2% 0% 100%,7.647
meteor,mri,2,2098,2786,23.546,5752,0,100% 1% 1% 0%,23.555
meteor,gcc,1,2098,3073,0.083,0,0,0% 22% 100% 0%,0.084
meteor,python3,1,2098,1447,10.202,10220,0,0% 100% 1% 0%,10.206
meteor,gpp,3,2098,4871,0.080,0,0,89% 38% 0% 11%,0.082
nbody,java,4,50000000,1489,22.272,33040,0,100% 1% 0% 1%,22.174
nbody,racket,1,50000000,1496,108.495,26300,0,0% 1% 100% 0%,108.533
nbody,swift,5,50000000,1253,22.172,7632,0,0% 1% 81% 19%,22.178
nbody,gpp,1,50000000,1659,19.639,1144,0,1% 100% 0% 0%,19.644
nbody,python3,2,50000000,1242,893.762,10384,0,19% 27% 55% 0%,893.976
nbody,gcc,2,50000000,1263,21.691,1160,0,0% 1% 100% 0%,21.697
nbody,fpascal,1,50000000,1325,22.344,8,0,0% 0% 0% 100%,22.349
nbody,gpp,5,50000000,1749,12.418,1800,0,0% 1% 0% 100%,12.421
nbody,lua,2,50000000,1193,426.676,1412,0,0% 100% 1% 0%,426.754
nbody,vw,1,50000000,1805,194.292,56384,0,100% 0% 0% 1%,194.343
nbody,hipe,3,50000000,1399,187.504,21696,0,45% 56% 0% 0%,187.498
nbody,go,2,50000000,1215,22.461,1536,0,1% 0% 0% 100%,22.458
nbody,rust,3,50000000,1540,20.337,1772,0,100% 1% 0% 2%,20.342
nbody,gpp,6,50000000,1668,20.484,1164,0,100% 1% 0% 0%,20.489
nbody,gpp,7,50000000,1545,9.492,1112,0,0% 0% 0% 100%,9.495
nbody,rust,4,50000000,1803,18.272,1712,0,0% 1% 100% 0%,18.277
nbody,kotlin,2,50000000,1390,22.644,32788,0,0% 1% 1% 100%,22.549
nbody,fsharpcore,2,50000000,1381,22.856,38500,0,100% 0% 1% 1%,22.861
nbody,java,2,50000000,1424,22.476,33084,0,100% 1% 0% 1%,22.378
nbody,swift,6,50000000,1194,24.235,7592,0,100% 1% 1% 0%,24.240
nbody,csharpcore,5,50000000,1534,21.728,33768,0,1% 1% 0% 100%,21.733
nbody,yarv,2,50000000,1137,641.262,8848,0,8% 93% 0% 0%,641.410
nbody,typescript,2,50000000,1453,111.190,45784,0,2% 51% 48% 2%,109.334
nbody,rust,2,50000000,1805,13.347,1704,0,100% 1% 0% 0%,13.351
nbody,dart,2,50000000,1278,33.266,46572,0,0% 0% 1% 100%,33.087
nbody,gnat,5,50000000,2447,17.015,2128,0,100% 0% 0% 1%,17.019
nbody,gcc,4,50000000,1490,9.117,1176,0,1% 100% 2% 2%,9.121
nbody,rust,1,50000000,1480,13.230,1704,0,1% 1% 1% 100%,13.235
nbody,csharpcore,8,50000000,1343,21.862,34084,0,1% 1% 1% 100%,21.867
nbody,swift,7,50000000,1445,23.975,15680,0,90% 9% 14% 26%,23.984
nbody,jruby,2,50000000,1137,421.310,804512,0,24% 43% 12% 26%,407.013
nbody,gpp,3,50000000,1763,8.230,1856,0,100% 1% 1% 0%,8.233
nbody,hack,3,50000000,1080,1669.358,87344,0,2% 26% 7% 67%,1669.740
nbody,swift,8,50000000,1346,23.763,15632,0,0% 1% 100% 0%,23.770
nbody,fpascal,2,50000000,1339,22.739,8,0,100% 1% 0% 0%,22.744
nbody,erlang,3,50000000,1399,377.056,24140,0,1% 100% 0% 1%,377.148
nbody,sbcl,1,50000000,1368,41.417,18008,0,0% 1% 1% 100%,41.427
nbody,ghc,1,50000000,1706,100.240,4120,0,99% 98% 100% 99%,25.335
nbody,gnat,3,50000000,1750,23.558,2208,0,100% 0% 1% 0%,23.564
nbody,mri,2,50000000,1137,4518.800,3972,0,56% 1% 1% 44%,4519.809
nbody,swift,3,50000000,1204,203.561,7488,0,12% 88% 0% 0%,203.611
nbody,ifc,1,50000000,1393,19.606,8,0,100% 0% 1% 0%,19.610
nbody,fpascal,3,50000000,1435,24.910,8,0,0% 0% 0% 100%,24.915
nbody,perl,2,50000000,1429,710.514,5244,0,0% 1% 0% 100%,710.661
nbody,ocaml,1,50000000,1251,21.669,1588,0,61% 1% 0% 39%,21.674
nbody,java,5,50000000,1429,22.605,32892,0,1% 0% 0% 100%,22.512
nbody,ifc,5,50000000,1664,9.091,8,0,100% 0% 1% 0%,9.094
nbody,java,3,50000000,1430,22.880,33160,0,100% 1% 1% 1%,22.779
nbody,typescript,3,50000000,1348,27.114,32772,0,100% 0% 1% 0%,27.113
nbody,swift,4,50000000,1357,21.920,15648,0,100% 1% 0% 0%,21.926
nbody,python3,1,50000000,1196,838.202,10324,0,95% 1% 5% 0%,838.391
nbody,fsharpcore,1,50000000,1267,25.599,68572,0,48% 4% 9% 41%,25.514
nbody,csharpcore,1,50000000,1403,22.120,33772,0,100% 0% 1% 0%,22.125
nbody,typescript,1,50000000,1462,86.158,48864,0,12% 37% 49% 3%,85.810
nbody,node,4,50000000,1279,31.686,32632,0,1% 0% 0% 100%,31.689
nbody,node,5,50000000,1193,29.085,32948,0,100% 0% 0% 1%,29.086
nbody,gnat,2,50000000,2617,8.827,2072,0,1% 0% 0% 100%,8.830
nbody,csharpcore,3,50000000,1305,21.693,33824,0,1% 100% 1% 0%,21.698
nbody,gcc,3,50000000,1208,23.431,1164,0,0% 0% 1% 100%,23.437
nbody,hack,5,50000000,1439,666.618,88744,0,9% 1% 1% 91%,666.770
nbody,csharpcore,6,50000000,1289,24.555,33884,0,100% 0% 1% 0%,24.560
nbody,swift,2,50000000,1192,32.534,7612,0,88% 13% 0% 0%,32.543
nbody,racket,2,50000000,1689,53.890,26192,0,0% 0% 0% 100%,53.893
nbody,gpp,8,50000000,1544,9.014,1128,0,2% 100% 0% 0%,9.017
nbody,go,3,50000000,1200,21.470,1536,0,0% 0% 100% 0%,21.470
nbody,ifc,6,50000000,1524,8.209,8,0,0% 100% 1% 0%,8.212
nbody,ifc,2,50000000,1500,19.710,8,0,100% 0% 1% 0%,19.714
nbody,fsharpcore,3,50000000,1617,24.083,37096,0,28% 73% 0% 1%,24.088
nbody,ifc,3,50000000,1305,22.408,8,0,0% 1% 100% 0%,22.414
nbody,gcc,1,50000000,1173,20.127,1160,0,0% 1% 100% 0%,20.134
nbody,gcc,6,50000000,1180,20.995,1160,0,2% 1% 100% 2%,21.001
nbody,gcc,5,50000000,1429,20.327,816,0,100% 1% 1% 0%,20.332
nbody,chapel,1,50000000,962,20.604,4872,0,100% 1% 1% 0%,20.597
nbody,php,3,50000000,1082,353.773,9220,0,0% 100% 1% 0%,353.842
nbody,node,2,50000000,1537,39.541,32584,0,100% 0% 0% 0%,39.543
nbody,go,1,50000000,1310,21.375,1536,0,0% 0% 100% 0%,21.374
nbody,kotlin,5,50000000,1349,23.180,33068,0,1% 99% 1% 1%,23.078
nbody,node,1,50000000,1297,26.605,33152,0,100% 0% 0% 1%,26.606
nbody,csharpcore,2,50000000,1410,22.018,33656,0,100% 1% 1% 0%,22.023
nbody,lua,1,50000000,1201,458.917,1488,0,0% 100% 1% 0%,459.001
nbody,ifc,4,50000000,1179,21.674,8,0,100% 0% 1% 0%,21.679
nbody,lua,4,50000000,1305,404.760,1404,0,0% 98% 3% 0%,404.834
nbody,csharpcore,9,50000000,1299,0.000,772,-10,3% 0% 3% 100%,0.362
nbody,dart,3,50000000,1426,27.644,47520,0,0% 11% 89% 0%,27.495
nbody,gnat,1,50000000,1618,24.100,2096,0,100% 0% 0% 1%,24.105
nbody,csharpcore,4,50000000,1404,22.437,33752,0,100% 0% 1% 0%,22.442
nbody,sbcl,2,50000000,1403,27.243,18044,0,100% 0% 1% 0%,27.249
nbody,ghc,2,50000000,1883,21.911,4068,0,100% 1% 0% 0%,21.905
nbody,gpp,4,50000000,1428,20.274,896,0,100% 1% 0% 0%,20.279
nbody,csharpcore,7,50000000,1542,21.361,34120,0,100% 1% 0% 1%,21.366
nbody,java,1,50000000,1430,22.837,34464,0,0% 91% 9% 1%,22.729
pidigits,chapel,1,10000,501,1.621,6504,0,100% 1% 2% 1%,1.612
pidigits,lua,7,10000,477,0.000,0,-2,%,0.000
pidigits,swift,2,10000,601,1.749,8948,0,1% 1% 1% 100%,1.751
pidigits,swift,1,10000,1017,0.000,0,-11,%,0.000
pidigits,sbcl,4,10000,940,1.782,20912,0,1% 2% 1% 99%,1.784
pidigits,php,5,10000,399,2.114,10664,0,100% 0% 1% 1%,2.116
pidigits,node,2,10000,420,0.000,31728,-10,20% 1% 13% 64%,0.755
pidigits,ghc,4,10000,311,0.000,0,-11,%,0.000
pidigits,ocaml,1,10000,560,0.000,0,-11,%,0.000
pidigits,racket,2,10000,1136,2.184,26440,0,0% 100% 1% 0%,2.186
pidigits,sbcl,3,10000,493,12.002,130572,0,0% 1% 1% 100%,12.022
pidigits,sbcl,2,10000,648,21.265,129148,0,100% 1% 1% 1%,21.300
pidigits,erlang,1,10000,559,16.908,36532,0,1% 6% 95% 1%,16.807
pidigits,csharpcore,3,10000,1026,3.031,35360,0,1% 0% 0% 100%,3.033
pidigits,perl,1,10000,463,15.439,10876,0,0% 81% 19% 1%,15.446
pidigits,csharpcore,2,10000,856,0.000,58332,-2,1% 1% 96% 0%,0.826
pidigits,gnat,2,10000,1068,1.744,4328,0,1% 1% 100% 1%,1.746
pidigits,lua,1,10000,522,0.000,0,-2,0% 0% 0% 100%,0.021
pidigits,gpp,4,10000,513,1.880,4276,0,0% 100% 1% 0%,1.882
pidigits,fpascal,1,10000,3060,25.217,652,0,100% 0% 1% 0%,25.223
pidigits,go,3,10000,603,2.021,9256,0,0% 0% 100% 0%,2.022
pidigits,jruby,5,10000,485,0.000,218736,-2,73% 83% 69% 64%,3.099
pidigits,php,3,10000,504,2.136,10672,0,1% 0% 0% 100%,2.139
pidigits,ocaml,4,10000,1484,0.000,0,-11,%,0.000
pidigits,ifc,3,10000,969,0.000,0,-11,%,0.000
pidigits,hipe,1,10000,559,16.345,35912,0,1% 1% 99% 2%,16.032
pidigits,python3,2,10000,386,3.428,12716,0,100% 1% 1% 0%,3.430
pidigits,yarv,1,10000,518,27.536,161088,0,0% 1% 100% 0%,27.577
pidigits,ocaml,2,10000,524,0.000,0,-11,%,0.000
pidigits,erlang,2,10000,512,18.924,37528,0,9% 1% 100% 10%,16.251
pidigits,php,1,10000,736,545.274,11680,0,0% 91% 10% 0%,545.397
pidigits,fsharpcore,1,10000,513,44.710,100876,0,34% 23% 24% 30%,41.233
pidigits,sbcl,1,10000,1064,0.000,0,-10,100% 0% 0% 0%,0.019
pidigits,php,4,10000,389,2.122,10512,0,100% 0% 0% 2%,2.124
pidigits,mri,5,10000,485,0.000,0,-2,%,0.000
pidigits,fsharpcore,4,10000,874,3.044,38168,0,1% 0% 99% 3%,3.046
pidigits,mri,2,10000,658,0.000,0,-2,%,0.000
pidigits,rust,1,10000,1420,1.749,4572,0,2% 100% 1% 0%,1.751
pidigits,gnat,1,10000,1157,10.930,4924,0,0% 100% 0% 1%,10.934
pidigits,fpascal,2,10000,828,10.930,2628,0,100% 0% 0% 0%,10.934
pidigits,mri,1,10000,518,28.912,16904,0,100% 0% 1% 0%,28.957
pidigits,rust,2,10000,1306,1.748,4560,0,100% 2% 3% 1%,1.750
pidigits,fsharpcore,3,10000,909,3.054,37836,0,0% 1% 1% 100%,3.056
pidigits,hack,1,10000,735,0.000,88276,-10,1% 100% 1% 1%,18.714
pidigits,go,2,10000,733,2.932,9344,0,0% 100% 0% 0%,2.932
pidigits,gpp,3,10000,663,0.000,8432,-1,0% 1% 2% 99%,300.572
pidigits,java,1,10000,800,21.495,312608,0,50% 5% 4% 53%,19.672
pidigits,racket,1,10000,453,27.556,124156,0,100% 1% 0% 0%,27.576
pidigits,lua,5,10000,479,0.000,0,-2,%,0.000
pidigits,vw,4,10000,773,13.356,55996,0,1% 1% 100% 1%,13.371
pidigits,fsharpcore,2,10000,701,27.690,80396,0,31% 20% 26% 33%,25.579
pidigits,gcc,1,10000,452,1.743,2716,0,100% 1% 1% 2%,1.744
pidigits,yarv,5,10000,485,2.962,306652,0,1% 0% 3% 100%,2.967
pidigits,yarv,2,10000,658,8.295,158000,0,1% 100% 0% 0%,8.311
pidigits,dart,1,10000,603,11.614,65064,0,99% 3% 2% 1%,11.415
pidigits,hipe,2,10000,512,17.612,46412,0,12% 27% 5% 77%,14.646
pidigits,fpascal,3,10000,530,1.724,2428,0,0% 2% 100% 1%,1.726
pidigits,jruby,1,10000,518,35.844,804068,0,20% 20% 38% 71%,24.352
pidigits,java,2,10000,938,3.355,36984,0,4% 4% 99% 3%,3.128
pidigits,chapel,2,10000,423,1.615,6400,0,100% 1% 1% 1%,1.608
pidigits,ocaml,3,10000,882,0.000,0,-11,%,0.000
pidigits,go,1,10000,708,2.928,9744,0,33% 3% 1% 65%,2.920
pidigits,ifc,1,10000,1768,0.000,3416,-2,2% 0% 0% 100%,0.610
pidigits,rust,3,10000,1366,1.740,4592,0,1% 1% 3% 100%,1.741
pidigits,perl,2,10000,389,3.830,7320,0,2% 1% 100% 1%,3.833
pidigits,perl,4,10000,261,3.501,7348,0,100% 1% 1% 1%,3.504
pidigits,php,2,10000,545,3.203,10968,0,1% 0% 1% 100%,3.206
regexredux,jruby,2,5000000,431,63.992,1375512,0,74% 60% 41% 51%,28.520
regexredux,ghc,2,5000000,1537,0.000,0,-11,%,0.000
regexredux,csharpcore,5,5000000,673,110.161,1509340,0,83% 92% 93% 92%,30.743
regexredux,fsharpcore,6,5000000,611,111.708,1670792,0,90% 87% 97% 81%,31.494
regexredux,go,1,5000000,741,129.051,322376,0,70% 66% 50% 54%,53.887
regexredux,java,4,5000000,929,0.000,46600,-10,91% 25% 46% 43%,0.653
regexredux,hipe,6,5000000,1065,0.000,1544,-10,73% 28% 64% 46%,0.255
regexredux,gpp,1,5000000,656,8.435,182500,0,1% 100% 0% 0%,8.441
regexredux,ocaml,4,5000000,1064,0.000,0,-11,%,0.000
regexredux,csharpcore,6,5000000,640,0.000,39856,-10,63% 40% 77% 43%,0.480
regexredux,csharpcore,8,5000000,823,0.000,792,-10,60% 87% 54% 69%,0.389
regexredux,yarv,8,5000000,555,0.000,0,-10,50% 35% 21% 76%,0.193
regexredux,csharpcore,1,5000000,635,110.310,1331724,0,0% 43% 58% 0%,110.062
regexredux,yarv,6,5000000,473,0.000,696,-10,100% 6% 3% 0%,0.337
regexredux,php,4,5000000,872,0.000,0,-10,75% 33% 33% 100%,0.038
regexredux,csharpcore,4,5000000,856,110.699,1607784,0,77% 94% 92% 80%,32.222
regexredux,node,1,5000000,408,4.296,652092,0,0% 2% 99% 0%,4.295
regexredux,csharpcore,9,5000000,659,110.241,1483936,0,92% 89% 90% 88%,30.741
regexredux,gnat,6,5000000,3788,0.000,0,-10,50% 33% 38% 75%,0.126
regexredux,java,3,5000000,929,31.297,573972,0,70% 73% 70% 86%,10.508
regexredux,go,2,5000000,802,59.869,323820,0,69% 46% 50% 48%,28.213
regexredux,gpp,2,5000000,700,8.500,201072,0,1% 84% 1% 63%,5.745
regexredux,csharpcore,2,5000000,595,0.000,40408,-10,44% 81% 43% 60%,0.462
regexredux,rust,2,5000000,701,4.481,149140,0,29% 15% 17% 86%,3.119
regexredux,swift,3,5000000,768,0.000,25664,-10,92% 92% 98% 84%,2.205
regexredux,gpp,4,5000000,1315,4.182,203572,0,100% 52% 57% 54%,1.611
regexredux,hack,4,5000000,868,0.000,81872,-10,19% 19% 68% 13%,0.481
regexredux,gnat,5,5000000,3640,19.344,154440,0,68% 92% 63% 66%,6.697
regexredux,typescript,2,5000000,440,4.296,683748,0,37% 1% 44% 20%,4.298
regexredux,java,1,5000000,868,29.195,608804,0,28% 77% 37% 38%,16.265
regexredux,rust,3,5000000,643,0.000,0,-11,%,0.000
regexredux,typescript,3,5000000,610,4.237,567744,0,59% 2% 1% 41%,4.201
regexredux,fsharpcore,4,5000000,905,0.000,47864,-10,44% 79% 61% 50%,0.629
regexredux,perl,2,5000000,710,43.311,203776,0,95% 1% 71% 5%,25.376
regexredux,sbcl,3,5000000,1972,0.000,0,-2,0% 100% 0% 100%,0.006
regexredux,gcc,2,5000000,1115,4.118,103028,0,100% 0% 0% 1%,4.121
regexredux,mri,2,5000000,431,0.000,6752,-10,0% 2% 100% 0%,0.609
regexredux,csharpcore,7,5000000,905,0.000,47244,-10,70% 67% 67% 45%,0.428
regexredux,hack,1,5000000,815,3.182,238608,0,34% 31% 44% 73%,3.436
regexredux,dart,3,5000000,1050,31.044,673392,0,45% 58% 59% 51%,14.776
regexredux,typescript,1,5000000,440,4.309,683648,0,7% 2% 5% 89%,4.306
regexredux,fpascal,1,5000000,1273,7.785,99480,0,0% 0% 1% 100%,7.795
regexredux,gpp,5,5000000,852,9.026,215380,0,88% 24% 13% 12%,6.640
regexredux,go,3,5000000,829,133.715,679144,0,49% 74% 75% 49%,54.314
regexredux,node,2,5000000,432,4.240,596420,0,100% 0% 0% 1%,4.223
regexredux,mri,6,5000000,473,0.000,0,-2,%,0.000
regexredux,fsharpcore,5,5000000,529,111.001,1446740,0,92% 89% 85% 91%,31.020
regexredux,swift,2,5000000,671,94.908,691900,0,69% 32% 0% 0%,94.959
regexredux,java,5,5000000,939,0.000,41776,-10,82% 72% 60% 83%,0.665
regexredux,dart,2,5000000,685,32.243,454592,0,10% 5% 81% 13%,30.075
regexredux,gcc,3,5000000,1266,4.156,103436,0,100% 24% 32% 23%,2.368
regexredux,fsharpcore,3,5000000,886,0.000,55500,-10,47% 61% 65% 51%,0.660
regexredux,gpp,3,5000000,853,25.776,215384,0,13% 94% 43% 1%,17.333
regexredux,rust,1,5000000,804,4.403,189036,0,87% 15% 17% 29%,3.020
regexredux,python3,1,5000000,512,27.437,447324,0,25% 33% 32% 91%,15.218
regexredux,racket,1,5000000,541,54.090,1006828,0,90% 0% 0% 11%,54.088
regexredux,yarv,9,5000000,322,34.243,312324,0,0% 0% 100% 0%,34.255
regexredux,perl,4,5000000,820,43.587,155708,0,63% 86% 53% 96%,14.661
regexredux,csharpcore,3,5000000,815,0.000,792,-10,90% 70% 50% 57%,0.397
regexredux,lua,2,5000000,637,0.000,744,-10,3% 0% 0% 100%,0.342
regexredux,gcc,4,5000000,1230,4.049,152352,0,59% 99% 57% 61%,1.476
regexredux,fpascal,2,5000000,1503,5.243,102432,0,19% 90% 15% 14%,3.814
regexredux,java,6,5000000,740,30.583,603452,0,69% 64% 87% 64%,10.840
regexredux,mri,9,5000000,322,0.000,6844,-10,2% 2% 3% 100%,0.584
regexredux,php,1,5000000,816,2.459,270048,0,38% 39% 85% 38%,2.627
regexredux,mri,8,5000000,555,0.000,2140,-2,63% 73% 73% 60%,0.216
regexredux,fsharpcore,2,5000000,426,110.485,1422104,0,85% 0% 1% 15%,110.225
regexredux,fsharpcore,1,5000000,646,0.000,184820,-10,48% 76% 61% 36%,5.183
regexredux,ocaml,2,5000000,637,24.639,968800,0,1% 1% 0% 100%,24.660
regexredux,java,2,5000000,1539,0.000,35140,-10,64% 70% 88% 57%,0.569
regexredux,perl,3,5000000,854,44.286,156260,0,60% 89% 51% 96%,14.978
regexredux,swift,1,5000000,715,141.079,897668,0,74% 29% 67% 21%,75.544
regexredux,perl,1,5000000,464,34.280,204320,0,0% 0% 0% 100%,34.292
regexredux,chapel,1,5000000,477,16.364,792460,0,100% 17% 16% 70%,8.162
regexredux,erlang,6,5000000,1060,0.000,1460,-10,55% 64% 74% 55%,0.223
regexredux,go,4,5000000,829,71.274,383640,0,82% 52% 54% 52%,29.813
regexredux,yarv,2,5000000,431,25.634,311964,0,6% 4% 60% 31%,25.642
revcomp,hack,2,100000000,273,0.000,95564,-10,0% 33% 99% 0%,7.024
revcomp,typescript,1,100000000,1141,17.354,706532,0,59% 20% 23% 5%,16.301
revcomp,gcc,6,100000000,820,2.675,796324,0,23% 98% 3% 17%,1.978
revcomp,ghc,2,100000000,982,32.411,3460312,0,56% 74% 65% 49%,25.855
revcomp,ocaml,4,100000000,2079,0.000,0,-11,%,0.000
revcomp,racket,1,100000000,553,55.193,1726720,0,0% 0% 0% 100%,55.214
revcomp,fsharpcore,2,100000000,1608,0.000,316224,-2,14% 45% 19% 43%,48.269
revcomp,gcc,3,100000000,1438,3.963,994444,0,42% 49% 96% 42%,1.775
revcomp,rust,3,100000000,1382,0.000,0,-11,%,0.000
revcomp,csharpcore,6,100000000,1621,7.166,1032860,0,41% 35% 94% 75%,2.945
revcomp,go,5,100000000,996,7.184,1355812,0,50% 26% 33% 20%,5.642
revcomp,go,3,100000000,605,4.254,826360,0,4% 97% 4% 0%,4.096
revcomp,hipe,4,100000000,1171,241.543,1996644,0,54% 25% 21% 37%,183.546
revcomp,fpascal,2,100000000,771,8.309,509364,0,100% 0% 0% 0%,8.322
revcomp,hipe,3,100000000,630,291.274,3395544,0,53% 19% 18% 36%,310.042
revcomp,node,2,100000000,1221,25.138,706548,0,8% 49% 26% 24%,24.055
revcomp,gpp,5,100000000,720,42.735,747244,0,70% 1% 0% 30%,42.753
revcomp,ghc,3,100000000,1020,7.815,501324,0,13% 8% 100% 13%,5.850
revcomp,java,6,100000000,752,7.260,2026596,0,21% 63% 12% 25%,6.133
revcomp,gnat,1,100000000,937,22.348,525920,0,100% 61% 5% 38%,22.359
revcomp,go,6,100000000,1338,7.071,2228580,0,43% 44% 28% 46%,4.436
revcomp,vw,1,100000000,926,0.000,0,-11,%,0.000
revcomp,java,8,100000000,2183,7.073,680424,0,52% 70% 43% 63%,3.148
revcomp,yarv,1,100000000,545,0.000,1200588,-2,53% 53% 67% 66%,99.200
revcomp,ocaml,2,100000000,407,0.000,0,-11,%,0.000
revcomp,gpp,2,100000000,1087,4.866,979076,0,1% 0% 1% 100%,4.877
revcomp,ocaml,1,100000000,1368,0.004,33924,0,56% 62% 55% 58%,3.731
revcomp,chapel,1,100000000,643,9.010,1002992,0,99% 17% 7% 15%,6.695
revcomp,jruby,3,100000000,517,0.000,3504592,-10,53% 67% 69% 70%,100.917
revcomp,jruby,1,100000000,545,106.687,3556432,0,45% 61% 63% 52%,125.087
revcomp,mri,3,100000000,517,0.000,1403616,-10,39% 55% 51% 40%,179.308
revcomp,yarv,2,100000000,264,32.689,497404,0,100% 1% 1% 0%,32.713
revcomp,mri,2,100000000,264,38.844,492748,0,0% 1% 1% 100%,38.868
revcomp,ifc,1,100000000,1019,0.000,0,-11,%,0.000
revcomp,lua,2,100000000,553,75.071,2943804,0,53% 4% 2% 58%,75.981
revcomp,csharpcore,3,100000000,915,33.725,1410196,0,18% 38% 48% 37%,24.303
revcomp,ocaml,3,100000000,1375,0.000,0,-11,%,0.000
revcomp,lua,4,100000000,594,90.103,1483212,0,100% 0% 1% 0%,90.149
revcomp,go,2,100000000,611,4.163,824356,0,1% 35% 68% 2%,4.001
revcomp,swift,1,100000000,1287,4.795,772076,0,10% 8% 19% 82%,4.113
revcomp,dart,3,100000000,555,0.000,1620364,-2,49% 48% 17% 36%,7.710
revcomp,rust,1,100000000,1871,4.329,1044220,0,33% 20% 77% 26%,3.288
revcomp,gpp,3,100000000,840,4.474,500056,0,0% 1% 100% 0%,4.482
revcomp,mri,1,100000000,545,0.000,0,-2,0% 100% 0% 0%,0.162
revcomp,perl,3,100000000,287,10.592,1493876,0,0% 1% 100% 0%,10.606
revcomp,gpp,4,100000000,2280,4.663,980604,0,62% 25% 12% 54%,3.081
revcomp,csharpcore,4,100000000,1714,8.178,1926612,0,32% 89% 10% 16%,5.676
revcomp,java,4,100000000,651,9.861,1923996,0,14% 16% 23% 53%,9.586
revcomp,gnat,2,100000000,3283,4.490,785560,0,1% 41% 74% 1%,3.934
revcomp,php,3,100000000,438,7.574,516904,0,3% 59% 29% 59%,12.078
revcomp,gpp,1,100000000,592,11.236,979844,0,0% 3% 98% 0%,11.255
revcomp,php,1,100000000,312,14.938,1473012,0,100% 0% 1% 0%,14.964
revcomp,jruby,2,100000000,264,246.256,2277264,0,16% 34% 24% 32%,241.689
revcomp,go,1,100000000,1254,0.000,224644,-2,16% 26% 1% 85%,0.872
revcomp,ifc,2,100000000,772,0.000,0,-11,%,0.000
revcomp,yarv,3,100000000,517,33.754,1498548,0,49% 41% 35% 54%,68.063
revcomp,racket,2,100000000,1030,17.071,555148,0,100% 1% 1% 2%,17.076
revcomp,csharpcore,2,100000000,1674,9.499,2713340,0,4% 34% 72% 58%,5.997
revcomp,gcc,4,100000000,709,7.632,500432,0,0% 1% 100% 0%,7.643
revcomp,gcc,1,100000000,1874,4.084,1971100,0,28% 87% 2% 28%,2.929
revcomp,dart,2,100000000,561,0.000,1621568,-2,38% 62% 26% 19%,7.458
revcomp,java,3,100000000,1722,11.036,1145884,0,85% 42% 53% 43%,5.018
revcomp,csharpcore,1,100000000,1109,7.023,1028316,0,0% 1% 1% 99%,7.024
revcomp,gcc,2,100000000,750,3.198,994276,0,82% 16% 40% 17%,2.165
revcomp,hipe,1,100000000,1302,110.609,2070992,0,56% 57% 57% 74%,45.528
revcomp,rust,2,100000000,1376,0.000,0,-11,%,0.000
revcomp,hack,1,100000000,309,0.000,93232,-10,21% 56% 5% 14%,6.379
revcomp,gcc,5,100000000,647,2.841,994248,0,0% 1% 100% 0%,2.848
revcomp,sbcl,1,100000000,904,0.000,742100,-1,0% 1% 1% 0%,3604.698
revcomp,fsharpcore,1,100000000,595,273.258,3308844,0,30% 62% 41% 78%,269.155
revcomp,java,7,100000000,1647,9.201,1029548,0,17% 73% 70% 14%,24.148
revcomp,python3,6,100000000,814,19.726,1008868,0,9% 69% 35% 30%,18.786
revcomp,python3,4,100000000,335,37.225,3489144,0,45% 27% 22% 57%,219.967
revcomp,node,7,100000000,1103,17.706,706256,0,71% 51% 40% 48%,16.661
revcomp,gpp,6,100000000,1832,8.796,1506760,0,85% 31% 2% 22%,6.373
revcomp,java,5,100000000,1108,7.148,1121596,0,80% 3% 4% 20%,6.806
revcomp,csharpcore,5,100000000,1613,7.177,1031280,0,42% 23% 10% 90%,4.412
revcomp,php,2,100000000,274,17.765,1779140,0,0% 1% 100% 0%,17.796
spectralnorm,go,4,5500,548,15.708,2344,0,100% 100% 100% 100%,3.944
spectralnorm,gcc,3,5500,463,15.750,1328,0,99% 99% 99% 99%,3.971
spectralnorm,gpp,6,5500,1044,7.910,1332,0,99% 99% 99% 99%,2.015
spectralnorm,hipe,1,5500,507,103.920,27684,0,0% 1% 0% 100%,103.897
spectralnorm,gcc,4,5500,1139,8.501,1296,0,98% 99% 100% 99%,2.164
spectralnorm,ghc,4,5500,987,15.712,3960,0,100% 97% 97% 95%,4.046
spectralnorm,sbcl,4,5500,891,39.518,62736,0,89% 92% 92% 91%,10.970
spectralnorm,php,1,5500,1152,147.778,20208,0,100% 100% 100% 100%,37.086
spectralnorm,kotlin,1,5500,515,17.160,35096,0,99% 1% 2% 1%,16.974
spectralnorm,php,3,5500,1210,238.503,20320,0,100% 100% 100% 100%,59.762
spectralnorm,typescript,1,5500,383,15.793,33356,0,100% 1% 0% 0%,15.795
spectralnorm,hipe,2,5500,747,61.953,30428,0,99% 99% 99% 98%,15.747
spectralnorm,gnat,4,5500,2770,7.871,4468,0,99% 98% 99% 99%,1.997
spectralnorm,vw,2,5500,1054,82.068,244048,0,84% 83% 84% 86%,32.223
spectralnorm,rust,4,5500,817,0.000,0,-11,%,0.000
spectralnorm,lua,1,5500,329,193.235,2848,0,0% 0% 0% 100%,193.272
spectralnorm,node,2,5500,336,15.787,31908,0,100% 0% 0% 0%,15.789
spectralnorm,java,1,5500,514,16.995,34788,0,2% 100% 1% 1%,16.824
spectralnorm,gpp,8,5500,1278,13.977,1308,0,99% 99% 99% 99%,3.535
spectralnorm,php,2,5500,397,239.834,9240,0,0% 85% 16% 0%,239.883
spectralnorm,fpascal,1,5500,423,15.968,8,0,100% 0% 1% 0%,15.971
spectralnorm,yarv,5,5500,835,461.609,49312,0,97% 97% 97% 97%,119.333
spectralnorm,node,5,5500,393,15.786,31952,0,100% 0% 1% 0%,15.789
spectralnorm,gpp,5,5500,1044,7.965,1980,0,99% 99% 99% 100%,2.017
spectralnorm,racket,3,5500,627,20.548,27228,0,98% 96% 96% 96%,5.324
spectralnorm,dart,1,5500,462,16.053,47892,0,99% 1% 1% 1%,15.915
spectralnorm,rust,3,5500,1053,9.201,2752,0,91% 93% 95% 90%,2.509
spectralnorm,ifc,3,5500,638,7.883,2944,0,100% 100% 100% 99%,1.977
spectralnorm,typescript,2,5500,385,59.431,40196,0,22% 1% 3% 76%,59.348
spectralnorm,hack,3,5500,1212,124.679,88408,0,98% 98% 98% 99%,31.826
spectralnorm,fpascal,2,5500,542,15.806,1980,0,99% 99% 99% 99%,3.979
spectralnorm,chapel,1,5500,310,15.811,5148,0,100% 99% 100% 99%,3.993
spectralnorm,fsharpcore,3,5500,721,17.453,37048,0,99% 96% 96% 96%,4.512
spectralnorm,node,3,5500,381,15.785,31900,0,100% 1% 0% 0%,15.787
spectralnorm,python3,6,5500,328,646.952,10676,0,66% 11% 24% 0%,647.122
spectralnorm,jruby,4,5500,326,264.852,783284,0,26% 36% 17% 28%,251.878
spectralnorm,perl,1,5500,333,171.488,6736,0,0% 0% 0% 100%,171.527
spectralnorm,ocaml,2,5500,377,15.687,3624,0,51% 1% 0% 49%,15.691
spectralnorm,csharpcore,3,5500,878,15.822,32608,0,99% 97% 97% 97%,4.066
spectralnorm,java,2,5500,950,16.796,35388,0,96% 96% 95% 97%,4.383
spectralnorm,jruby,2,5500,776,802.048,781524,0,98% 98% 98% 98%,205.475
spectralnorm,sbcl,3,5500,890,15.826,19792,0,87% 88% 86% 89%,4.553
spectralnorm,gpp,2,5500,453,2.473,238984,0,100% 2% 1% 0%,2.477
spectralnorm,gcc,1,5500,383,15.685,1240,0,100% 0% 0% 0%,15.690
spectralnorm,fsharp,2,5500,852,22.716,45836,0,86% 86% 92% 85%,6.527
spectralnorm,perl,2,5500,343,734.202,6244,0,0% 100% 1% 0%,734.348
spectralnorm,csharpcore,1,5500,459,15.812,32804,0,100% 1% 1% 0%,15.815
spectralnorm,typescript,3,5500,394,15.802,32436,0,100% 0% 1% 0%,15.805
spectralnorm,vw,1,5500,669,91.100,56232,0,1% 1% 0% 100%,91.124
spectralnorm,yarv,1,5500,292,334.271,10100,0,0% 1% 0% 100%,334.367
spectralnorm,swift,3,5500,601,15.768,9476,0,100% 100% 100% 100%,3.957
spectralnorm,ocaml,3,5500,914,15.968,5280,0,92% 94% 93% 92%,4.313
spectralnorm,perl,3,5500,850,885.823,16800,0,100% 100% 100% 100%,222.078
spectralnorm,sbcl,5,5500,899,15.833,19788,0,87% 90% 87% 82%,4.598
spectralnorm,yarv,4,5500,326,293.696,10676,0,0% 1% 87% 13%,293.767
spectralnorm,ghc,2,5500,403,15.779,5956,0,0% 1% 100% 0%,15.775
spectralnorm,mri,1,5500,292,2453.620,5948,0,27% 25% 8% 42%,2454.331
spectralnorm,gpp,1,5500,452,16.254,1904,0,0% 1% 0% 100%,16.258
spectralnorm,mri,5,5500,835,3795.803,21704,0,98% 99% 99% 99%,962.704
spectralnorm,gnat,3,5500,1717,15.716,4492,0,99% 99% 99% 99%,3.968
spectralnorm,perl,5,5500,340,154.709,6804,0,0% 100% 1% 0%,154.741
spectralnorm,ifc,2,5500,513,7.846,2880,0,0% 1% 100% 0%,7.849
spectralnorm,gcc,5,5500,569,7.891,1300,0,99% 99% 100% 99%,2.003
spectralnorm,sbcl,1,5500,631,18.257,21056,0,0% 1% 0% 100%,18.262
spectralnorm,erlang,1,5500,507,191.888,30416,0,0% 1% 1% 100%,191.909
spectralnorm,erlang,2,5500,747,149.480,28696,0,96% 97% 98% 97%,38.563
spectralnorm,gnat,1,5500,716,15.687,2124,0,0% 100% 1% 0%,15.691
spectralnorm,rust,2,5500,1110,15.748,2752,0,95% 95% 94% 94%,4.186
spectralnorm,mri,4,5500,326,2743.240,6004,0,95% 0% 1% 5%,2743.931
spectralnorm,dart,5,5500,489,16.056,47608,0,61% 1% 1% 40%,15.920
spectralnorm,fsharpcore,4,5500,732,16.213,36760,0,99% 95% 96% 96%,4.215
spectralnorm,fsharpcore,2,5500,853,16.691,37008,0,96% 96% 96% 99%,4.321
spectralnorm,node,1,5500,319,15.801,33412,0,100% 1% 1% 0%,15.803
spectralnorm,sbcl,2,5500,915,15.827,19788,0,88% 86% 89% 87%,4.545
spectralnorm,swift,1,5500,438,16.178,16636,0,100% 1% 0% 0%,16.184
spectralnorm,racket,1,5500,446,40.321,24820,0,100% 1% 0% 0%,40.314
spectralnorm,python3,5,5500,443,720.513,15876,0,100% 100% 100% 100%,180.969
spectralnorm,fsharp,3,5500,720,18.656,48560,0,84% 89% 80% 84%,5.561
spectralnorm,perl,4,5500,555,165.141,10980,0,99% 99% 99% 98%,41.830
spectralnorm,rust,1,5500,1254,15.757,2776,0,95% 93% 93% 93%,4.223
spectralnorm,go,1,5500,411,15.696,2368,0,1% 0% 0% 100%,15.695
spectralnorm,go,2,5500,668,15.729,1796,0,95% 95% 96% 95%,4.130
spectralnorm,racket,2,5500,532,37.764,28480,0,100% 1% 1% 0%,37.762
spectralnorm,hack,2,5500,398,122.207,86752,0,19% 28% 34% 21%,122.259
spectralnorm,jruby,1,5500,292,455.214,785984,0,15% 23% 21% 46%,441.882
threadring,sbcl,2,50000000,575,354.555,41552,0,25% 42% 42% 25%,251.138
threadring,gcc,3,50000000,916,165.353,5624,0,100% 0% 0% 1%,165.407
threadring,java,3,50000000,530,517.459,359916,0,28% 37% 37% 27%,386.636
threadring,rust,1,50000000,473,467.719,6852,0,26% 26% 39% 39%,345.083
threadring,gnat,6,50000000,1024,191.509,11808,0,100% 100% 100% 100%,48.077
threadring,hipe,1,50000000,273,44.838,21904,0,0% 0% 1% 100%,44.730
threadring,go,6,50000000,420,13.684,2748,0,0% 1% 100% 0%,13.685
threadring,perl,3,50000000,494,668.659,721668,0,33% 28% 29% 33%,522.797
threadring,go,5,50000000,405,162.801,2488,0,58% 56% 56% 54%,72.534
threadring,hipe,2,50000000,273,44.837,21992,0,11% 89% 1% 1%,44.764
threadring,fsharpcore,2,50000000,555,718.150,73312,0,80% 78% 77% 79%,233.228
threadring,python3,2,50000000,288,356.061,15236,0,54% 11% 10% 55%,263.790
threadring,gnat,1,50000000,607,682.545,11832,0,42% 41% 41% 42%,398.308
threadring,gnat,4,50000000,966,279.089,12040,0,38% 20% 21% 39%,215.733
threadring,perl,1,50000000,353,1516.107,310608,0,56% 13% 13% 56%,1081.496
threadring,rust,2,50000000,940,335.519,6804,0,61% 61% 40% 40%,165.772
threadring,gcc,2,50000000,575,223.964,5556,0,27% 33% 32% 27%,168.506
threadring,gpp,2,50000000,588,217.257,7400,0,35% 35% 23% 24%,164.082
threadring,erlang,3,50000000,465,41.540,24800,0,1% 100% 1% 1%,41.454
threadring,chapel,1,50000000,209,54.606,7152,0,100% 1% 0% 100%,27.320
threadring,csharpcore,2,50000000,591,6019.947,40720,0,61% 61% 62% 62%,2456.841
threadring,jruby,2,50000000,232,0.000,748008,-2,83% 40% 19% 65%,48.137
threadring,gpp,5,50000000,652,67.447,7312,0,56% 55% 31% 31%,38.433
threadring,gnat,2,50000000,565,372.668,11984,0,29% 37% 38% 29%,261.135
threadring,csharpcore,1,50000000,476,575.001,39256,0,35% 37% 37% 35%,389.184
threadring,vw,2,50000000,655,39.652,57012,0,1% 1% 100% 1%,39.671
threadring,ocaml,1,50000000,282,571.458,4596,0,27% 36% 36% 28%,424.722
threadring,gcc,4,50000000,761,225.685,5516,0,26% 32% 32% 27%,170.163
threadring,racket,1,50000000,262,272.578,104920,0,55% 1% 1% 45%,272.641
threadring,erlang,2,50000000,273,41.624,25024,0,1% 89% 12% 1%,41.579
threadring,mri,1,50000000,331,0.000,0,-2,%,0.000
threadring,yarv,2,50000000,215,996.152,21868,0,52% 54% 20% 20%,631.111
threadring,sbcl,1,50000000,622,280.427,41552,0,23% 42% 42% 24%,198.466
threadring,gpp,1,50000000,636,246.016,7160,0,26% 26% 40% 40%,168.629
threadring,java,7,50000000,473,505.823,38340,0,22% 42% 42% 22%,374.239
threadring,gnat,3,50000000,733,278.089,11940,0,38% 21% 21% 39%,215.080
threadring,hipe,3,50000000,465,44.010,22192,0,0% 0% 100% 1%,43.946
threadring,jruby,1,50000000,342,652.964,732700,0,28% 28% 36% 36%,484.368
threadring,mri,2,50000000,215,1896.347,16900,0,70% 2% 2% 27%,1897.102
threadring,ocaml,3,50000000,296,263.026,7168,0,29% 30% 30% 30%,200.926
threadring,fsharpcore,3,50000000,329,19.232,62980,0,36% 25% 35% 11%,18.376
threadring,fpascal,1,50000000,538,0.000,0,-11,%,0.000
threadring,ghc,1,50000000,306,9.703,7236,0,4% 4% 4% 100%,8.786
threadring,yarv,1,50000000,331,371.113,22000,0,35% 35% 25% 25%,291.307
threadring,gpp,4,50000000,572,49.481,7184,0,47% 46% 39% 38%,29.867
threadring,gcc,1,50000000,487,214.453,7456,0,33% 27% 26% 33%,161.257
threadring,erlang,1,50000000,273,41.844,25232,0,0% 1% 1% 100%,41.748
threadring,ocaml,2,50000000,350,263.253,2976,0,26% 33% 33% 26%,202.006
